layer,head,n,mean_effect,mean_abs_effect,std_effect
0,3,10,-1.374219,1.775781,2.298311
3,0,10,1.665625,1.665625,1.739312
3,5,10,1.412500,1.425000,1.031326
7,16,10,1.181250,1.181250,0.913741
1,5,10,-0.812500,1.031250,1.367736
0,15,10,-0.868750,1.000000,1.529323
1,2,10,-0.647656,0.977344,1.273195
14,23,10,-0.937500,0.937500,0.794512
7,22,10,0.440625,0.690625,0.644607
9,9,10,0.662500,0.681250,0.836637
11,24,10,0.668750,0.668750,0.756379
4,9,10,0.600000,0.656250,0.606089
12,1,10,0.620313,0.654687,0.670094
9,13,10,-0.468750,0.637500,0.625469
13,4,10,0.390625,0.515625,0.772356
10,26,10,0.501563,0.514062,0.795386
0,25,10,0.265625,0.496875,0.542212
10,2,10,-0.448437,0.495312,0.439507
2,3,10,0.204687,0.479687,0.598682
4,27,10,0.157812,0.479687,0.708502
5,13,10,0.423438,0.470313,0.388460
2,7,10,0.243750,0.462500,0.571593
4,20,10,0.292187,0.457813,0.533362
0,29,10,0.451562,0.451562,0.359881
3,3,10,0.287500,0.450000,0.479827
14,25,10,-0.385937,0.432812,0.472488
31,17,10,-0.421875,0.421875,0.218415
1,30,10,0.371875,0.390625,0.408515
9,18,10,0.312500,0.387500,0.345733
3,15,10,-0.323437,0.382812,0.458004
3,31,10,-0.314063,0.373437,0.363660
6,22,10,0.215625,0.371875,0.388670
11,4,10,-0.370312,0.370312,0.306827
12,12,10,0.240625,0.365625,0.588969
3,29,10,0.112500,0.362500,0.499257
13,5,10,-0.335938,0.357812,0.305168
12,19,10,-0.335938,0.345313,0.298045
9,0,10,0.214062,0.335938,0.365909
11,16,10,0.301563,0.329688,0.236351
3,18,10,0.067187,0.323437,0.414817
5,30,10,0.246875,0.321875,0.328779
15,1,10,-0.321875,0.321875,0.252739
1,29,10,-0.210938,0.314063,0.391390
0,24,10,0.120313,0.304688,0.403479
8,9,10,0.284375,0.296875,0.258998
11,3,10,0.271875,0.296875,0.482921
1,22,10,-0.250000,0.293750,0.227503
0,0,10,0.245312,0.289062,0.270096
3,13,10,0.189062,0.285938,0.276032
9,22,10,0.120313,0.285938,0.321894
13,24,10,-0.285938,0.285938,0.113117
1,12,10,0.109375,0.278125,0.341827
2,13,10,0.184375,0.278125,0.264962
6,11,10,0.240625,0.278125,0.349679
10,29,10,0.187500,0.275000,0.301688
14,5,10,-0.234375,0.271875,0.392869
1,21,10,0.079687,0.264062,0.315954
13,14,10,0.240625,0.259375,0.445693
7,7,10,-0.192188,0.257812,0.241258
9,8,10,0.223438,0.251563,0.349389
9,2,10,0.159375,0.246875,0.296941
7,13,10,0.210938,0.245312,0.355430
1,27,10,0.175000,0.237500,0.242947
6,2,10,-0.170313,0.235937,0.230959
10,15,10,0.184375,0.228125,0.240219
4,19,10,-0.025000,0.225000,0.270921
16,0,10,0.212500,0.225000,0.215058
1,0,10,0.189062,0.220312,0.334276
4,12,10,-0.179688,0.220312,0.201950
2,27,10,0.046875,0.215625,0.253972
4,10,10,-0.209375,0.215625,0.161807
5,5,10,-0.165625,0.215625,0.178454
2,4,10,0.204687,0.214062,0.170370
11,6,10,-0.204687,0.214062,0.202577
3,26,10,0.143750,0.212500,0.213874
5,25,10,-0.182812,0.210938,0.194661
1,14,10,0.159375,0.209375,0.247033
5,1,10,-0.165625,0.209375,0.235124
8,10,10,-0.153125,0.209375,0.212155
12,24,10,-0.171875,0.209375,0.137109
9,11,10,-0.179688,0.207813,0.182652
17,5,10,-0.089063,0.201563,0.237176
17,6,10,-0.193750,0.200000,0.131696
9,19,10,0.153125,0.196875,0.178672
1,17,10,0.160938,0.195312,0.184355
4,4,10,0.101562,0.195312,0.271826
0,11,10,0.075000,0.193750,0.246142
1,15,10,0.025000,0.193750,0.253414
6,19,10,0.062500,0.193750,0.275284
5,8,10,0.120313,0.192188,0.226001
5,28,10,-0.151562,0.192188,0.188545
3,30,10,-0.121875,0.190625,0.196875
10,1,10,-0.159375,0.190625,0.160231
1,23,10,0.134375,0.184375,0.171192
15,31,10,0.178125,0.184375,0.167734
1,10,10,0.167187,0.182812,0.193907
1,31,10,-0.145313,0.182812,0.236558
27,7,10,0.182812,0.182812,0.171455
10,27,10,0.181250,0.181250,0.105327
15,30,10,0.000000,0.181250,0.284701
8,22,10,0.129688,0.179688,0.262579
8,29,10,-0.095312,0.179688,0.191424
6,28,10,0.117188,0.176563,0.178050
8,4,10,0.148438,0.176563,0.174728
0,7,10,0.125000,0.175000,0.252333
4,31,10,0.118750,0.175000,0.283601
3,23,10,-0.051562,0.173437,0.216737
10,9,10,0.171875,0.171875,0.104816
26,3,10,0.171875,0.171875,0.167851
0,16,10,0.123438,0.170313,0.170942
6,29,10,0.089063,0.170313,0.188286
1,1,10,-0.087500,0.168750,0.217766
2,29,10,0.018750,0.168750,0.204060
12,20,10,0.168750,0.168750,0.120384
21,14,10,0.131250,0.168750,0.142385
7,9,10,0.154688,0.167187,0.150917
12,5,10,0.028125,0.165625,0.204658
0,30,10,0.029687,0.164062,0.238449
3,1,10,0.010937,0.164062,0.185938
5,15,10,0.098437,0.164062,0.180338
14,3,10,-0.048438,0.164062,0.223000
5,18,10,0.125000,0.162500,0.177328
9,28,10,0.143750,0.162500,0.125156
1,8,10,-0.042188,0.160938,0.191628
1,16,10,0.139063,0.160938,0.163347
5,11,10,-0.089063,0.160938,0.167421
8,15,10,0.145313,0.160938,0.206823
13,22,10,-0.160938,0.160938,0.174000
16,13,10,-0.085938,0.160938,0.167304
6,27,10,-0.023438,0.157812,0.185569
1,26,10,0.023438,0.151562,0.195812
13,30,10,0.129688,0.151562,0.185675
6,14,10,0.131250,0.150000,0.221765
6,24,10,0.118750,0.150000,0.133170
7,1,10,-0.143750,0.150000,0.113709
7,18,10,-0.131250,0.150000,0.173880
9,20,10,0.012500,0.150000,0.197247
2,25,10,0.107813,0.148438,0.166015
3,9,10,0.082812,0.148438,0.156570
8,11,10,-0.057813,0.148438,0.170885
13,28,10,0.123438,0.148438,0.182009
0,22,10,0.096875,0.146875,0.161445
5,16,10,-0.109375,0.146875,0.144055
7,29,10,0.115625,0.146875,0.182779
24,13,10,0.146875,0.146875,0.090625
4,22,10,0.081250,0.143750,0.175223
8,6,10,0.112500,0.143750,0.148034
10,18,10,-0.118750,0.143750,0.226126
6,30,10,-0.064062,0.142187,0.196459
3,28,10,0.071875,0.140625,0.166566
0,19,10,0.067187,0.139063,0.187246
7,0,10,-0.098437,0.139063,0.174839
12,7,10,-0.123438,0.139063,0.082812
6,17,10,0.035937,0.135937,0.167129
12,10,10,-0.132812,0.135937,0.122085
5,0,10,-0.021875,0.134375,0.174021
9,17,10,0.109375,0.134375,0.158884
14,27,10,0.096875,0.134375,0.137961
7,6,10,0.067187,0.132812,0.147580
5,21,10,-0.050000,0.131250,0.150000
0,12,10,0.129688,0.129688,0.114830
3,22,10,0.017188,0.129688,0.148963
6,9,10,-0.107813,0.129688,0.157565
13,31,10,-0.114062,0.129688,0.107359
0,27,10,0.060937,0.126562,0.182009
4,15,10,-0.020313,0.126562,0.163884
9,10,10,0.112500,0.125000,0.103833
10,14,10,0.076563,0.123438,0.189887
3,2,10,-0.090625,0.121875,0.103125
8,0,10,0.103125,0.121875,0.129640
11,22,10,0.115625,0.121875,0.152486
24,20,10,-0.009375,0.121875,0.136966
3,8,10,-0.098437,0.120313,0.103656
6,12,10,0.032813,0.120313,0.142941
3,16,10,-0.075000,0.118750,0.104769
4,26,10,0.081250,0.118750,0.146709
8,27,10,0.118750,0.118750,0.103456
26,4,10,-0.118750,0.118750,0.070986
0,8,10,0.082812,0.117188,0.129988
7,19,10,0.064062,0.117188,0.134856
1,3,10,0.021875,0.115625,0.160596
3,12,10,0.034375,0.115625,0.140068
0,21,10,0.020313,0.114062,0.141154
13,2,10,-0.014063,0.114062,0.150593
13,12,10,0.073438,0.114062,0.118183
0,13,10,0.000000,0.112500,0.131101
5,22,10,0.100000,0.112500,0.126398
10,8,10,-0.050000,0.112500,0.118750
10,25,10,0.087500,0.112500,0.120869
0,18,10,-0.014063,0.110937,0.191169
1,19,10,0.057813,0.110937,0.121041
10,4,10,0.101562,0.110937,0.118842
2,1,10,0.078125,0.109375,0.108478
4,14,10,-0.090625,0.109375,0.094218
8,7,10,-0.071875,0.109375,0.110087
9,16,10,0.103125,0.109375,0.085067
12,0,10,0.015625,0.109375,0.132767
16,14,10,-0.109375,0.109375,0.058044
2,20,10,0.073438,0.107813,0.123832
2,23,10,0.060937,0.107813,0.133765
6,6,10,-0.067187,0.107813,0.104126
14,15,10,-0.054688,0.107813,0.118842
8,12,10,-0.081250,0.106250,0.108433
15,21,10,-0.006250,0.106250,0.152965
1,25,10,0.089063,0.104688,0.128096
4,28,10,0.057813,0.104688,0.119824
7,2,10,-0.057813,0.104688,0.112250
14,4,10,0.104688,0.104688,0.087848
15,10,10,-0.096875,0.103125,0.094218
31,30,10,-0.103125,0.103125,0.057707
6,16,10,-0.073438,0.101562,0.155318
9,12,10,-0.017188,0.101562,0.121925
16,2,10,0.023438,0.101562,0.126408
22,4,10,-0.070312,0.101562,0.115931
2,30,10,0.037500,0.100000,0.109865
3,10,10,0.018750,0.100000,0.147373
10,13,10,0.087500,0.100000,0.094580
4,3,10,-0.035937,0.098437,0.163586
4,18,10,-0.029687,0.098437,0.124305
5,9,10,-0.040625,0.096875,0.109196
8,20,10,-0.009375,0.096875,0.114436
14,31,10,0.078125,0.096875,0.086433
18,9,10,-0.065625,0.096875,0.114777
6,10,10,0.085938,0.095312,0.096129
8,17,10,0.060937,0.095312,0.090692
11,7,10,0.060937,0.095312,0.123517
5,29,10,0.012500,0.093750,0.110220
16,15,10,-0.062500,0.093750,0.104583
28,18,10,-0.031250,0.093750,0.119406
31,4,10,0.087500,0.093750,0.072349
4,1,10,0.054688,0.092188,0.112944
5,4,10,0.092188,0.092188,0.093867
9,27,10,0.085938,0.092188,0.070312
14,16,10,0.064062,0.092188,0.104220
15,18,10,0.054688,0.092188,0.096635
29,22,10,0.085938,0.092188,0.070312
1,4,10,-0.040625,0.090625,0.100827
7,24,10,0.071875,0.090625,0.116131
8,23,10,-0.046875,0.090625,0.109375
11,21,10,-0.059375,0.090625,0.098276
15,25,10,-0.034375,0.090625,0.113063
31,24,10,0.090625,0.090625,0.029481
0,2,10,-0.048438,0.089063,0.089609
8,24,10,0.079687,0.089063,0.081625
30,15,10,0.070312,0.089063,0.084216
6,23,10,0.000000,0.087500,0.116927
11,10,10,-0.062500,0.087500,0.077812
23,29,10,0.050000,0.087500,0.090786
2,8,10,0.073438,0.085938,0.115255
1,11,10,0.009375,0.084375,0.100827
4,8,10,-0.071875,0.084375,0.072686
6,7,10,0.071875,0.084375,0.071329
7,20,10,0.003125,0.084375,0.111322
8,5,10,0.034375,0.084375,0.124570
8,21,10,-0.040625,0.084375,0.105558
10,28,10,0.046875,0.084375,0.102935
11,20,10,-0.021875,0.084375,0.101791
11,27,10,0.084375,0.084375,0.132619
5,31,10,0.023438,0.082812,0.106720
10,0,10,0.048438,0.082812,0.094902
3,6,10,-0.012500,0.081250,0.098027
4,0,10,0.062500,0.081250,0.095811
6,4,10,0.043750,0.081250,0.101934
12,9,10,0.037500,0.081250,0.120059
13,9,10,-0.068750,0.081250,0.073686
13,18,10,0.037500,0.081250,0.089268
15,20,10,-0.068750,0.081250,0.069597
1,7,10,-0.020313,0.079687,0.098834
4,21,10,0.007812,0.079687,0.091975
6,31,10,0.051562,0.079687,0.089500
7,8,10,0.007812,0.079687,0.101562
8,14,10,-0.004687,0.079687,0.100790
8,16,10,0.045312,0.079687,0.089609
10,3,10,0.026562,0.079687,0.092716
14,20,10,0.067187,0.079687,0.060131
14,29,10,0.067187,0.079687,0.089500
5,3,10,-0.053125,0.078125,0.097878
8,13,10,-0.046875,0.078125,0.080586
9,4,10,-0.078125,0.078125,0.067387
10,5,10,-0.078125,0.078125,0.080586
12,29,10,-0.046875,0.078125,0.099068
18,20,10,-0.078125,0.078125,0.054576
23,10,10,-0.059375,0.078125,0.115625
28,31,10,0.021875,0.078125,0.090625
0,4,10,0.023438,0.076563,0.087066
1,24,10,0.032813,0.076563,0.077953
9,7,10,0.004687,0.076563,0.097340
12,8,10,-0.023438,0.076563,0.108984
13,8,10,0.017188,0.076563,0.085138
15,11,10,0.045312,0.076563,0.076690
16,4,10,-0.023438,0.076563,0.111201
0,31,10,0.031250,0.075000,0.088388
4,16,10,0.043750,0.075000,0.112847
8,25,10,-0.006250,0.075000,0.111629
13,16,10,0.056250,0.075000,0.072349
24,1,10,0.062500,0.075000,0.076547
30,27,10,-0.043750,0.075000,0.071535
2,18,10,0.001563,0.073438,0.097440
7,25,10,0.026562,0.073438,0.108715
7,31,10,0.014063,0.073438,0.093867
9,15,10,-0.001563,0.073438,0.091229
12,14,10,0.051562,0.073438,0.092716
12,21,10,0.039062,0.073438,0.078203
13,17,10,0.026562,0.073438,0.077828
13,29,10,-0.035937,0.073438,0.085024
26,6,10,-0.035937,0.073438,0.088953
28,28,10,0.051562,0.073438,0.080298
28,30,10,-0.048438,0.073438,0.065718
6,8,10,0.059375,0.071875,0.084375
8,30,10,-0.071875,0.071875,0.060998
10,21,10,0.040625,0.071875,0.080344
26,22,10,0.071875,0.071875,0.044305
0,23,10,-0.014063,0.070312,0.088513
2,5,10,0.042188,0.070312,0.082694
11,11,10,0.032813,0.070312,0.072770
15,2,10,0.035937,0.070312,0.088953
25,3,10,0.039062,0.070312,0.070312
4,23,10,0.018750,0.068750,0.081729
6,5,10,0.043750,0.068750,0.082916
7,17,10,-0.018750,0.068750,0.071535
10,16,10,-0.031250,0.068750,0.077812
13,25,10,0.000000,0.068750,0.107347
15,29,10,-0.043750,0.068750,0.071535
22,3,10,0.050000,0.068750,0.075519
9,21,10,0.010937,0.067187,0.086729
15,9,10,0.042188,0.067187,0.093241
18,12,10,-0.014063,0.067187,0.076051
20,4,10,0.060937,0.067187,0.081625
2,15,10,0.015625,0.065625,0.071603
7,4,10,0.028125,0.065625,0.073221
7,30,10,0.034375,0.065625,0.082028
9,3,10,0.021875,0.065625,0.089541
9,30,10,0.015625,0.065625,0.081789
10,22,10,0.028125,0.065625,0.085525
10,24,10,0.015625,0.065625,0.092965
14,6,10,0.034375,0.065625,0.067676
14,13,10,0.046875,0.065625,0.068821
15,27,10,0.040625,0.065625,0.075325
18,3,10,0.053125,0.065625,0.065625
19,29,10,0.040625,0.065625,0.077875
26,30,10,-0.015625,0.065625,0.088664
29,24,10,0.040625,0.065625,0.093802
1,13,10,0.054688,0.064062,0.120879
2,0,10,-0.026562,0.064062,0.075276
4,2,10,-0.029687,0.064062,0.078577
5,2,10,0.014063,0.064062,0.076690
6,0,10,-0.017188,0.064062,0.073438
7,26,10,0.035937,0.064062,0.090044
9,31,10,0.017188,0.064062,0.076051
12,22,10,-0.023438,0.064062,0.081864
14,24,10,0.064062,0.064062,0.057812
16,26,10,-0.020313,0.064062,0.069895
27,17,10,0.057813,0.064062,0.044222
2,9,10,-0.018750,0.062500,0.074215
2,26,10,0.025000,0.062500,0.076291
9,23,10,0.000000,0.062500,0.100778
10,12,10,0.012500,0.062500,0.071535
11,17,10,0.031250,0.062500,0.086150
12,11,10,0.037500,0.062500,0.091430
15,16,10,0.031250,0.062500,0.079057
15,23,10,0.000000,0.062500,0.072618
24,4,10,0.043750,0.062500,0.059621
26,7,10,0.000000,0.062500,0.077812
1,9,10,-0.004687,0.060937,0.063296
5,17,10,0.014063,0.060937,0.065718
6,15,10,0.029687,0.060937,0.077324
6,18,10,0.045312,0.060937,0.079196
6,26,10,0.023438,0.060937,0.074363
11,5,10,0.029687,0.060937,0.062676
12,3,10,0.010937,0.060937,0.076563
12,26,10,0.007812,0.060937,0.069615
13,10,10,0.014063,0.060937,0.067910
13,19,10,0.039062,0.060937,0.066750
14,30,10,0.004687,0.060937,0.067766
17,13,10,-0.039062,0.060937,0.077576
21,2,10,0.042188,0.060937,0.069192
21,17,10,-0.042188,0.060937,0.048438
21,25,10,0.039062,0.060937,0.068197
24,22,10,0.004687,0.060937,0.069192
25,25,10,-0.035937,0.060937,0.064062
26,19,10,0.001563,0.060937,0.074755
28,3,10,-0.026562,0.060937,0.067766
0,14,10,-0.003125,0.059375,0.079611
0,26,10,0.015625,0.059375,0.067387
3,24,10,-0.053125,0.059375,0.055989
5,23,10,-0.053125,0.059375,0.046456
6,3,10,-0.046875,0.059375,0.079365
7,11,10,0.021875,0.059375,0.068537
7,23,10,-0.003125,0.059375,0.074543
8,28,10,-0.028125,0.059375,0.077119
11,30,10,0.028125,0.059375,0.071875
14,0,10,-0.040625,0.059375,0.076610
16,17,10,0.009375,0.059375,0.076610
19,1,10,0.040625,0.059375,0.062578
23,5,10,-0.040625,0.059375,0.059375
28,7,10,0.059375,0.059375,0.029481
0,10,10,0.051562,0.057813,0.094282
4,11,10,-0.007812,0.057813,0.068197
5,7,10,0.048438,0.057813,0.084563
8,19,10,0.007812,0.057813,0.062986
9,1,10,0.010937,0.057813,0.067042
9,24,10,0.007812,0.057813,0.076944
11,13,10,0.035937,0.057813,0.057643
13,3,10,-0.004687,0.057813,0.070590
16,25,10,-0.020313,0.057813,0.073304
19,14,10,0.039062,0.057813,0.062986
21,7,10,0.051562,0.057813,0.040775
22,16,10,-0.042188,0.057813,0.062520
26,15,10,0.032813,0.057813,0.058651
31,5,10,0.010937,0.057813,0.067766
2,16,10,0.031250,0.056250,0.067024
4,6,10,0.018750,0.056250,0.065848
7,5,10,0.018750,0.056250,0.079304
11,26,10,0.000000,0.056250,0.067024
15,5,10,0.018750,0.056250,0.067315
15,24,10,0.018750,0.056250,0.062812
17,0,10,-0.031250,0.056250,0.067024
18,13,10,0.056250,0.056250,0.041458
31,27,10,-0.037500,0.056250,0.075000
3,25,10,-0.007812,0.054688,0.059805
6,13,10,0.020313,0.054688,0.066310
7,27,10,-0.017188,0.054688,0.061098
11,9,10,-0.045312,0.054688,0.055221
12,6,10,-0.014063,0.054688,0.067910
16,22,10,0.035937,0.054688,0.068483
20,16,10,0.054688,0.054688,0.052872
21,13,10,0.048438,0.054688,0.043329
22,2,10,0.026562,0.054688,0.071278
22,6,10,0.014063,0.054688,0.072095
25,23,10,-0.026562,0.054688,0.064062
25,28,10,-0.026562,0.054688,0.076563
29,15,10,-0.042188,0.054688,0.047419
1,20,10,-0.009375,0.053125,0.076610
3,27,10,0.028125,0.053125,0.058380
5,19,10,-0.003125,0.053125,0.067676
9,6,10,-0.028125,0.053125,0.058380
9,26,10,-0.015625,0.053125,0.056337
12,25,10,0.028125,0.053125,0.053125
12,27,10,-0.021875,0.053125,0.062578
16,5,10,0.009375,0.053125,0.065625
22,15,10,0.040625,0.053125,0.048513
24,9,10,0.046875,0.053125,0.048914
25,4,10,-0.040625,0.053125,0.076610
26,21,10,0.028125,0.053125,0.056682
29,30,10,0.034375,0.053125,0.058380
0,9,10,-0.014063,0.051562,0.069333
2,6,10,0.007812,0.051562,0.062986
5,6,10,0.007812,0.051562,0.062206
11,14,10,0.026562,0.051562,0.058484
12,2,10,-0.004687,0.051562,0.058484
12,4,10,0.023438,0.051562,0.054688
12,13,10,-0.026562,0.051562,0.077198
13,6,10,-0.010937,0.051562,0.063296
13,23,10,0.020313,0.051562,0.072635
14,18,10,0.032813,0.051562,0.063450
17,10,10,0.039062,0.051562,0.068910
17,14,10,0.004687,0.051562,0.069895
17,20,10,-0.026562,0.051562,0.067042
19,2,10,0.017188,0.051562,0.064971
19,19,10,0.020313,0.051562,0.055924
23,27,10,0.045312,0.051562,0.037271
25,24,10,0.001563,0.051562,0.057813
0,1,10,0.012500,0.050000,0.072887
0,17,10,-0.006250,0.050000,0.055551
1,18,10,0.025000,0.050000,0.058962
4,5,10,-0.025000,0.050000,0.045928
4,29,10,0.031250,0.050000,0.059293
4,30,10,0.018750,0.050000,0.057960
5,10,10,0.000000,0.050000,0.073951
8,2,10,0.031250,0.050000,0.057622
10,10,10,0.043750,0.050000,0.046771
13,1,10,-0.018750,0.050000,0.059621
14,10,10,0.012500,0.050000,0.061237
15,14,10,-0.031250,0.050000,0.046351
15,26,10,-0.006250,0.050000,0.062187
16,7,10,0.025000,0.050000,0.060596
16,8,10,0.000000,0.050000,0.060917
17,22,10,0.037500,0.050000,0.057282
19,31,10,0.025000,0.050000,0.065252
22,9,10,0.031250,0.050000,0.067024
23,4,10,0.006250,0.050000,0.055551
23,15,10,0.025000,0.050000,0.060596
27,18,10,0.006250,0.050000,0.062187
29,21,10,0.043750,0.050000,0.071535
2,21,10,0.026562,0.048438,0.065569
3,17,10,-0.020313,0.048438,0.069192
3,21,10,-0.014063,0.048438,0.064971
8,3,10,0.001563,0.048438,0.057812
9,29,10,0.001563,0.048438,0.057813
10,17,10,0.010937,0.048438,0.068483
16,18,10,-0.014063,0.048438,0.056962
17,17,10,0.004687,0.048438,0.055043
18,10,10,0.020313,0.048438,0.051373
19,15,10,-0.035937,0.048438,0.068483
21,3,10,0.014063,0.048438,0.060293
21,16,10,-0.001563,0.048438,0.060293
23,6,10,0.039062,0.048438,0.053787
24,16,10,0.001563,0.048438,0.069333
26,12,10,0.042188,0.048438,0.034268
29,10,10,0.020313,0.048438,0.056790
29,13,10,0.042188,0.048438,0.043103
29,26,10,0.048438,0.048438,0.038559
30,4,10,0.048438,0.048438,0.045528
30,31,10,0.023438,0.048438,0.062986
0,28,10,-0.021875,0.046875,0.057707
4,25,10,-0.015625,0.046875,0.058044
7,14,10,-0.003125,0.046875,0.063199
12,23,10,0.003125,0.046875,0.064726
14,7,10,0.021875,0.046875,0.054217
14,9,10,0.009375,0.046875,0.060998
14,11,10,0.028125,0.046875,0.056682
14,22,10,0.003125,0.046875,0.061635
20,2,10,0.009375,0.046875,0.048513
21,6,10,0.009375,0.046875,0.050486
21,29,10,0.003125,0.046875,0.060029
24,8,10,0.009375,0.046875,0.055989
26,27,10,-0.028125,0.046875,0.045178
28,17,10,0.021875,0.046875,0.048513
29,18,10,0.021875,0.046875,0.054217
1,28,10,-0.001563,0.045312,0.050607
2,12,10,-0.020313,0.045312,0.055043
3,11,10,0.029687,0.045312,0.053423
8,8,10,0.026562,0.045312,0.054149
9,25,10,-0.007812,0.045312,0.052872
10,31,10,0.001563,0.045312,0.064215
14,2,10,0.020313,0.045312,0.054149
14,8,10,0.007812,0.045312,0.053787
14,19,10,0.017188,0.045312,0.053423
15,17,10,0.020313,0.045312,0.060937
16,21,10,0.020313,0.045312,0.051373
17,16,10,-0.014063,0.045312,0.047624
17,29,10,0.014063,0.045312,0.052501
18,25,10,0.035937,0.045312,0.052315
19,4,10,0.014063,0.045312,0.050607
21,5,10,-0.020313,0.045312,0.052315
21,10,10,-0.026562,0.045312,0.043103
21,22,10,-0.004687,0.045312,0.054149
23,28,10,0.010937,0.045312,0.063296
24,24,10,0.020313,0.045312,0.054149
26,14,10,-0.001563,0.045312,0.056098
28,14,10,0.026562,0.045312,0.047419
30,12,10,0.039062,0.045312,0.044879
0,6,10,0.006250,0.043750,0.068179
2,2,10,-0.025000,0.043750,0.053765
2,10,10,-0.012500,0.043750,0.048814
5,20,10,-0.037500,0.043750,0.033657
7,28,10,-0.012500,0.043750,0.054486
10,7,10,0.000000,0.043750,0.055902
13,13,10,0.012500,0.043750,0.048814
17,27,10,-0.018750,0.043750,0.056250
18,5,10,-0.012500,0.043750,0.050775
18,28,10,0.031250,0.043750,0.048412
19,0,10,0.000000,0.043750,0.054127
19,22,10,-0.006250,0.043750,0.051916
20,18,10,0.006250,0.043750,0.053765
21,19,10,0.012500,0.043750,0.048814
22,10,10,0.000000,0.043750,0.050389
24,7,10,0.000000,0.043750,0.052291
26,31,10,0.006250,0.043750,0.050000
27,2,10,-0.006250,0.043750,0.051916
27,15,10,0.037500,0.043750,0.050000
2,11,10,0.010937,0.042188,0.046378
2,17,10,-0.014063,0.042188,0.047624
2,22,10,-0.004687,0.042188,0.051373
5,14,10,-0.017188,0.042188,0.046588
8,26,10,0.017188,0.042188,0.046588
10,19,10,0.007812,0.042188,0.061416
10,20,10,0.007812,0.042188,0.052872
11,2,10,0.017188,0.042188,0.044442
11,19,10,0.010937,0.042188,0.054149
11,31,10,-0.007812,0.042188,0.058149
12,18,10,-0.001563,0.042188,0.060293
13,20,10,0.026562,0.042188,0.048438
15,22,10,-0.010937,0.042188,0.055924
17,23,10,0.014063,0.042188,0.049632
18,7,10,0.004687,0.042188,0.051373
20,26,10,0.010937,0.042188,0.052315
24,18,10,0.020313,0.042188,0.050413
28,0,10,0.004687,0.042188,0.055043
0,20,10,0.009375,0.040625,0.055989
3,4,10,-0.009375,0.040625,0.044305
4,24,10,-0.021875,0.040625,0.050486
5,26,10,-0.015625,0.040625,0.050871
7,15,10,-0.028125,0.040625,0.038145
10,23,10,0.003125,0.040625,0.045178
11,12,10,-0.003125,0.040625,0.056682
11,25,10,0.003125,0.040625,0.054932
11,29,10,-0.021875,0.040625,0.050486
14,21,10,0.034375,0.040625,0.040625
14,28,10,0.021875,0.040625,0.042043
15,7,10,-0.003125,0.040625,0.047290
15,12,10,-0.009375,0.040625,0.050486
16,9,10,0.021875,0.040625,0.044305
16,19,10,-0.021875,0.040625,0.050486
17,3,10,-0.015625,0.040625,0.052756
18,14,10,-0.015625,0.040625,0.044743
18,31,10,-0.009375,0.040625,0.048513
21,1,10,-0.021875,0.040625,0.052385
25,12,10,-0.009375,0.040625,0.048513
27,11,10,0.009375,0.040625,0.057707
28,25,10,-0.003125,0.040625,0.051254
30,22,10,0.028125,0.040625,0.038145
3,20,10,0.001563,0.039062,0.046588
7,10,10,0.004687,0.039062,0.048438
8,1,10,0.017188,0.039062,0.048639
10,30,10,0.017188,0.039062,0.057813
11,28,10,-0.010937,0.039062,0.051373
15,6,10,0.001563,0.039062,0.047624
15,13,10,-0.007812,0.039062,0.050024
16,30,10,0.020313,0.039062,0.048438
17,12,10,-0.001563,0.039062,0.054329
17,28,10,0.007812,0.039062,0.045955
18,11,10,0.032813,0.039062,0.033109
20,8,10,0.020313,0.039062,0.048438
20,10,10,0.004687,0.039062,0.046378
22,17,10,0.020313,0.039062,0.041955
23,11,10,0.001563,0.039062,0.050607
23,23,10,0.001563,0.039062,0.044442
23,24,10,0.007812,0.039062,0.043778
23,25,10,-0.004687,0.039062,0.046378
25,26,10,0.014063,0.039062,0.043329
26,17,10,0.010937,0.039062,0.047419
27,22,10,0.007812,0.039062,0.053787
28,1,10,0.014063,0.039062,0.050607
31,11,10,-0.026562,0.039062,0.056790
3,14,10,0.006250,0.037500,0.050000
5,12,10,-0.025000,0.037500,0.043750
6,21,10,0.000000,0.037500,0.057622
11,23,10,0.006250,0.037500,0.048007
12,31,10,0.000000,0.037500,0.044194
13,11,10,0.006250,0.037500,0.055551
15,0,10,-0.006250,0.037500,0.043750
15,3,10,0.025000,0.037500,0.045928
16,27,10,-0.018750,0.037500,0.046771
17,4,10,0.006250,0.037500,0.048007
17,21,10,-0.006250,0.037500,0.048007
17,30,10,0.006250,0.037500,0.060596
18,0,10,0.018750,0.037500,0.044634
18,17,10,0.006250,0.037500,0.051916
19,5,10,0.012500,0.037500,0.044634
20,5,10,-0.006250,0.037500,0.043750
20,9,10,0.006250,0.037500,0.048007
20,30,10,0.031250,0.037500,0.036975
20,31,10,0.012500,0.037500,0.042390
22,0,10,0.000000,0.037500,0.041926
22,1,10,0.000000,0.037500,0.048412
22,5,10,0.000000,0.037500,0.046351
22,12,10,0.012500,0.037500,0.052663
23,0,10,0.012500,0.037500,0.057960
24,11,10,0.000000,0.037500,0.046351
27,25,10,-0.018750,0.037500,0.054486
29,25,10,0.018750,0.037500,0.050775
30,2,10,0.012500,0.037500,0.042390
30,24,10,0.000000,0.037500,0.050389
3,7,10,0.004687,0.035937,0.047419
8,18,10,0.007812,0.035937,0.044879
10,6,10,0.029687,0.035937,0.037271
11,15,10,0.023438,0.035937,0.045955
12,17,10,-0.023438,0.035937,0.039062
14,17,10,0.001563,0.035937,0.043329
16,6,10,-0.010937,0.035937,0.052315
16,31,10,0.001563,0.035937,0.047624
17,1,10,-0.001563,0.035937,0.047624
18,8,10,-0.004687,0.035937,0.044222
20,11,10,0.029687,0.035937,0.037271
21,15,10,-0.001563,0.035937,0.041014
21,18,10,-0.007812,0.035937,0.042648
21,30,10,-0.010937,0.035937,0.045312
22,30,10,0.023438,0.035937,0.039062
22,31,10,-0.017188,0.035937,0.052501
23,7,10,0.007812,0.035937,0.042648
23,12,10,-0.004687,0.035937,0.041955
25,0,10,0.014063,0.035937,0.041014
25,11,10,0.014063,0.035937,0.043329
28,26,10,0.017188,0.035937,0.046588
29,6,10,0.029687,0.035937,0.031600
5,27,10,-0.003125,0.034375,0.045178
6,20,10,0.003125,0.034375,0.056682
11,8,10,0.015625,0.034375,0.046875
15,19,10,0.003125,0.034375,0.051254
16,1,10,0.015625,0.034375,0.037630
17,8,10,-0.028125,0.034375,0.051254
17,9,10,-0.003125,0.034375,0.040625
18,2,10,0.021875,0.034375,0.046456
18,4,10,0.009375,0.034375,0.042043
18,16,10,0.021875,0.034375,0.039652
19,12,10,0.028125,0.034375,0.032626
20,1,10,0.003125,0.034375,0.047290
20,14,10,-0.003125,0.034375,0.045178
20,15,10,0.003125,0.034375,0.042962
21,28,10,0.015625,0.034375,0.048914
22,25,10,0.034375,0.034375,0.032626
22,27,10,0.028125,0.034375,0.042962
23,30,10,-0.028125,0.034375,0.029481
25,30,10,0.028125,0.034375,0.042962
27,20,10,-0.015625,0.034375,0.048914
27,30,10,0.015625,0.034375,0.042505
28,20,10,-0.003125,0.034375,0.042962
29,31,10,0.003125,0.034375,0.053125
30,18,10,0.028125,0.034375,0.035493
31,22,10,-0.021875,0.034375,0.034375
2,14,10,0.007812,0.032813,0.053787
14,12,10,-0.004687,0.032813,0.048438
15,8,10,0.001563,0.032813,0.039805
17,15,10,0.014063,0.032813,0.037271
17,24,10,0.007812,0.032813,0.036477
18,15,10,0.017188,0.032813,0.038559
19,8,10,0.004687,0.032813,0.044222
19,13,10,0.007812,0.032813,0.040293
19,21,10,0.014063,0.032813,0.039805
19,27,10,0.014063,0.032813,0.044442
20,7,10,0.020313,0.032813,0.034268
20,17,10,0.007812,0.032813,0.041487
21,0,10,-0.004687,0.032813,0.043103
21,11,10,0.007812,0.032813,0.049039
24,3,10,0.017188,0.032813,0.041014
24,5,10,0.020313,0.032813,0.037008
24,6,10,0.001563,0.032813,0.039805
24,10,10,0.004687,0.032813,0.039559
24,23,10,0.007812,0.032813,0.048033
24,29,10,-0.020313,0.032813,0.039559
24,30,10,0.032813,0.032813,0.045528
25,9,10,0.007812,0.032813,0.048033
26,9,10,-0.004687,0.032813,0.041955
26,18,10,0.014063,0.032813,0.039805
26,20,10,0.032813,0.032813,0.038559
27,8,10,-0.001563,0.032813,0.042187
27,29,10,0.004687,0.032813,0.039559
28,29,10,-0.010937,0.032813,0.063296
29,5,10,0.014063,0.032813,0.041014
29,9,10,0.007812,0.032813,0.039062
29,11,10,0.001563,0.032813,0.042187
30,0,10,-0.007812,0.032813,0.043778
30,1,10,0.032813,0.032813,0.026562
1,6,10,-0.006250,0.031250,0.041458
8,31,10,0.018750,0.031250,0.046771
10,11,10,-0.012500,0.031250,0.048814
12,15,10,0.000000,0.031250,0.039528
13,0,10,0.025000,0.031250,0.036443
13,26,10,0.006250,0.031250,0.041458
14,1,10,0.012500,0.031250,0.040020
14,14,10,0.006250,0.031250,0.041458
14,26,10,0.018750,0.031250,0.052663
16,16,10,0.006250,0.031250,0.039031
16,24,10,0.018750,0.031250,0.044634
16,28,10,0.000000,0.031250,0.041926
17,7,10,0.000000,0.031250,0.052291
17,25,10,0.012500,0.031250,0.046771
18,23,10,-0.006250,0.031250,0.043750
20,12,10,-0.018750,0.031250,0.040020
20,24,10,-0.006250,0.031250,0.039031
21,8,10,0.000000,0.031250,0.046351
21,26,10,0.006250,0.031250,0.036443
22,7,10,0.018750,0.031250,0.042390
22,14,10,-0.006250,0.031250,0.039031
23,1,10,0.006250,0.031250,0.043750
23,3,10,0.006250,0.031250,0.041458
24,15,10,0.000000,0.031250,0.039528
24,28,10,-0.012500,0.031250,0.034799
26,29,10,0.012500,0.031250,0.042390
27,3,10,0.018750,0.031250,0.044634
27,10,10,0.006250,0.031250,0.039031
27,12,10,0.018750,0.031250,0.040020
28,13,10,-0.006250,0.031250,0.050000
29,7,10,0.000000,0.031250,0.039528
29,20,10,0.006250,0.031250,0.045928
31,21,10,0.006250,0.031250,0.045928
2,19,10,-0.010937,0.029687,0.039559
2,24,10,-0.007812,0.029687,0.043778
2,28,10,0.001563,0.029687,0.038559
4,13,10,-0.010937,0.029687,0.048438
4,17,10,0.014063,0.029687,0.045528
9,14,10,0.010937,0.029687,0.039559
11,0,10,0.017188,0.029687,0.041014
13,7,10,0.007812,0.029687,0.050991
16,12,10,0.001563,0.029687,0.035937
16,29,10,-0.010937,0.029687,0.039559
17,18,10,-0.014063,0.029687,0.043329
18,19,10,-0.007812,0.029687,0.035113
19,17,10,0.017188,0.029687,0.034552
19,20,10,0.017188,0.029687,0.045528
20,6,10,-0.007812,0.029687,0.040293
22,8,10,-0.001563,0.029687,0.043329
23,21,10,0.004687,0.029687,0.038305
24,0,10,0.023438,0.029687,0.027288
25,2,10,0.001563,0.029687,0.038559
25,5,10,0.023438,0.029687,0.042648
25,7,10,0.017188,0.029687,0.041014
25,19,10,-0.001563,0.029687,0.038559
26,2,10,-0.004687,0.029687,0.040775
27,13,10,0.017188,0.029687,0.034552
30,8,10,0.017188,0.029687,0.043329
30,19,10,0.004687,0.029687,0.040775
30,26,10,0.010937,0.029687,0.037008
31,19,10,-0.029687,0.029687,0.037271
5,24,10,0.003125,0.028125,0.035493
7,3,10,0.009375,0.028125,0.034375
7,12,10,-0.015625,0.028125,0.037630
9,5,10,0.009375,0.028125,0.037107
11,18,10,-0.009375,0.028125,0.034375
13,15,10,-0.003125,0.028125,0.038145
13,21,10,0.003125,0.028125,0.035493
17,11,10,-0.003125,0.028125,0.038145
18,22,10,0.009375,0.028125,0.042043
18,27,10,0.028125,0.028125,0.032626
18,29,10,-0.003125,0.028125,0.051254
19,7,10,0.015625,0.028125,0.032022
19,11,10,0.003125,0.028125,0.035493
21,20,10,-0.009375,0.028125,0.042043
21,23,10,-0.009375,0.028125,0.034375
21,27,10,0.021875,0.028125,0.031406
22,18,10,-0.015625,0.028125,0.040141
23,9,10,0.015625,0.028125,0.034939
23,19,10,0.003125,0.028125,0.040625
23,31,10,0.021875,0.028125,0.031406
24,17,10,0.015625,0.028125,0.034939
26,16,10,0.003125,0.028125,0.038145
26,23,10,0.003125,0.028125,0.035493
28,5,10,0.021875,0.028125,0.037107
28,10,10,0.003125,0.028125,0.040625
28,23,10,0.009375,0.028125,0.034375
30,7,10,0.009375,0.028125,0.046456
30,11,10,0.015625,0.028125,0.040141
30,30,10,-0.015625,0.028125,0.034939
31,9,10,0.003125,0.028125,0.035493
31,25,10,0.009375,0.028125,0.042043
31,28,10,0.003125,0.028125,0.038145
12,16,10,0.020313,0.026562,0.029687
16,10,10,0.010937,0.026562,0.032813
17,19,10,0.014063,0.026562,0.031600
18,6,10,0.020313,0.026562,0.031289
19,25,10,0.020313,0.026562,0.035665
20,0,10,0.010937,0.026562,0.035665
20,3,10,0.014063,0.026562,0.031600
20,13,10,0.007812,0.026562,0.040293
20,23,10,0.001563,0.026562,0.039805
20,27,10,0.007812,0.026562,0.033694
20,29,10,0.007812,0.026562,0.050024
23,8,10,-0.004687,0.026562,0.034268
23,14,10,0.026562,0.026562,0.029688
24,14,10,0.014063,0.026562,0.034552
24,31,10,-0.007812,0.026562,0.033694
25,31,10,0.007812,0.026562,0.033694
26,24,10,0.020313,0.026562,0.027994
26,26,10,0.014063,0.026562,0.031600
29,23,10,0.007812,0.026562,0.033694
29,27,10,0.020313,0.026562,0.034268
31,14,10,0.020313,0.026562,0.027994
2,31,10,-0.006250,0.025000,0.036443
3,19,10,0.006250,0.025000,0.033657
4,7,10,0.012500,0.025000,0.031869
6,1,10,0.012500,0.025000,0.031869
11,1,10,0.012500,0.025000,0.034799
13,27,10,-0.006250,0.025000,0.039031
15,4,10,0.006250,0.025000,0.033657
15,28,10,-0.012500,0.025000,0.031869
18,21,10,-0.006250,0.025000,0.033657
19,23,10,0.025000,0.025000,0.030619
20,20,10,0.000000,0.025000,0.036975
20,28,10,-0.006250,0.025000,0.036443
22,13,10,0.025000,0.025000,0.027243
22,24,10,-0.006250,0.025000,0.033657
23,2,10,0.000000,0.025000,0.034233
23,22,10,0.012500,0.025000,0.037500
23,26,10,0.000000,0.025000,0.034233
24,26,10,0.000000,0.025000,0.031250
26,28,10,-0.012500,0.025000,0.034799
27,5,10,0.006250,0.025000,0.033657
27,9,10,0.006250,0.025000,0.033657
27,31,10,0.012500,0.025000,0.037500
28,4,10,0.000000,0.025000,0.034233
28,12,10,0.018750,0.025000,0.040020
6,25,10,0.004687,0.023438,0.032813
15,15,10,-0.014063,0.023438,0.035938
16,23,10,-0.004687,0.023438,0.032813
17,26,10,0.010937,0.023438,0.034268
18,30,10,0.004687,0.023438,0.029687
19,3,10,0.010937,0.023438,0.034268
19,6,10,0.007812,0.023438,0.029022
19,24,10,0.004687,0.023438,0.032813
19,28,10,0.004687,0.023438,0.032813
21,24,10,-0.001563,0.023438,0.041014
22,28,10,0.004687,0.023438,0.032813
24,2,10,0.014063,0.023438,0.030015
25,10,10,0.010937,0.023438,0.031289
25,13,10,-0.001563,0.023438,0.030015
25,14,10,-0.001563,0.023438,0.030015
25,22,10,-0.004687,0.023438,0.031289
26,1,10,-0.004687,0.023438,0.029687
26,13,10,0.017188,0.023438,0.034552
27,0,10,0.007812,0.023438,0.032212
27,16,10,0.014063,0.023438,0.033109
28,2,10,0.010937,0.023438,0.034268
31,18,10,-0.007812,0.023438,0.032212
31,26,10,0.017188,0.023438,0.034552
12,30,10,-0.003125,0.021875,0.029481
17,31,10,0.003125,0.021875,0.029481
18,18,10,0.009375,0.021875,0.028125
19,18,10,0.015625,0.021875,0.032022
19,26,10,0.015625,0.021875,0.032022
20,19,10,0.009375,0.021875,0.037107
21,21,10,-0.015625,0.021875,0.032022
22,22,10,0.003125,0.021875,0.029481
23,13,10,-0.003125,0.021875,0.029481
24,25,10,0.009375,0.021875,0.034375
25,15,10,0.021875,0.021875,0.024407
25,17,10,-0.009375,0.021875,0.034375
25,21,10,0.015625,0.021875,0.028811
26,8,10,0.021875,0.021875,0.028125
28,8,10,0.015625,0.021875,0.032022
28,19,10,-0.003125,0.021875,0.040625
28,21,10,0.003125,0.021875,0.038145
29,14,10,0.015625,0.021875,0.028811
29,19,10,-0.009375,0.021875,0.031406
30,3,10,0.003125,0.021875,0.029481
30,5,10,0.021875,0.021875,0.034375
31,3,10,0.015625,0.021875,0.034939
31,31,10,0.021875,0.021875,0.024407
0,5,10,0.001563,0.020313,0.033109
16,11,10,0.014063,0.020313,0.024656
16,20,10,0.001563,0.020313,0.031600
18,24,10,0.017188,0.020313,0.033109
19,30,10,0.014063,0.020313,0.024656
21,4,10,-0.007812,0.020313,0.030658
21,12,10,0.007812,0.020313,0.030658
22,11,10,-0.001563,0.020313,0.034552
22,20,10,0.010937,0.020313,0.022152
22,23,10,0.004687,0.020313,0.031289
23,17,10,0.004687,0.020313,0.034268
24,21,10,-0.014063,0.020313,0.028341
26,0,10,0.007812,0.020313,0.033694
27,4,10,-0.004687,0.020313,0.031289
27,6,10,0.004687,0.020313,0.031289
27,19,10,0.007812,0.020313,0.033694
27,27,10,-0.001563,0.020313,0.028341
28,6,10,0.007812,0.020313,0.030658
28,9,10,0.007812,0.020313,0.027288
29,1,10,0.007812,0.020313,0.030658
29,3,10,0.007812,0.020313,0.027288
30,29,10,-0.001563,0.020313,0.028341
31,6,10,-0.001563,0.020313,0.031600
31,13,10,0.014063,0.020313,0.024656
12,28,10,-0.006250,0.018750,0.027243
17,2,10,0.012500,0.018750,0.028641
18,26,10,0.012500,0.018750,0.031869
19,10,10,0.006250,0.018750,0.027243
20,22,10,-0.012500,0.018750,0.028641
21,9,10,0.000000,0.018750,0.027951
22,21,10,-0.006250,0.018750,0.027243
22,26,10,0.006250,0.018750,0.027243
22,29,10,-0.006250,0.018750,0.027243
23,20,10,0.006250,0.018750,0.027243
24,19,10,0.012500,0.018750,0.028641
25,1,10,0.000000,0.018750,0.031250
25,29,10,0.012500,0.018750,0.025000
26,5,10,0.000000,0.018750,0.036975
26,11,10,0.006250,0.018750,0.027243
26,25,10,0.018750,0.018750,0.020729
27,1,10,0.018750,0.018750,0.031869
27,24,10,0.006250,0.018750,0.027243
28,15,10,-0.012500,0.018750,0.028641
30,14,10,0.018750,0.018750,0.031869
30,16,10,0.018750,0.018750,0.031869
31,1,10,0.012500,0.018750,0.031869
31,8,10,0.006250,0.018750,0.027243
31,15,10,0.006250,0.018750,0.030619
18,1,10,-0.004687,0.017188,0.029688
19,9,10,0.017188,0.017188,0.024656
21,31,10,0.001563,0.017188,0.035937
23,18,10,0.004687,0.017188,0.029688
27,28,10,0.007812,0.017188,0.025436
29,2,10,0.017188,0.017188,0.031600
29,8,10,0.004687,0.017188,0.035665
29,12,10,0.010937,0.017188,0.027994
29,28,10,0.007812,0.017188,0.025436
29,29,10,0.010937,0.017188,0.019826
31,10,10,0.017188,0.017188,0.028341
31,29,10,-0.004687,0.017188,0.026192
7,21,10,0.003125,0.015625,0.025958
20,21,10,0.015625,0.015625,0.025195
24,12,10,0.015625,0.015625,0.020963
24,27,10,-0.003125,0.015625,0.029481
28,22,10,-0.009375,0.015625,0.024407
28,24,10,0.009375,0.015625,0.031406
29,17,10,0.015625,0.015625,0.032022
30,9,10,-0.003125,0.015625,0.021875
30,13,10,0.015625,0.015625,0.028811
30,20,10,0.015625,0.015625,0.032022
31,23,10,0.015625,0.015625,0.020963
23,16,10,0.014063,0.014063,0.020313
25,8,10,0.007812,0.014063,0.018815
25,16,10,0.007812,0.014063,0.021252
25,27,10,-0.007812,0.014063,0.023438
27,21,10,0.004687,0.014063,0.019826
28,11,10,0.007812,0.014063,0.030658
28,16,10,-0.004687,0.014063,0.031289
28,27,10,0.007812,0.014063,0.030658
30,25,10,0.014063,0.014063,0.020313
31,2,10,0.001563,0.014063,0.024656
31,12,10,0.014063,0.014063,0.020313
22,19,10,0.012500,0.012500,0.028641
25,6,10,-0.006250,0.012500,0.023385
29,4,10,0.000000,0.012500,0.019764
29,16,10,0.000000,0.012500,0.019764
30,23,10,0.006250,0.012500,0.018750
31,0,10,-0.006250,0.012500,0.023385
31,7,10,0.012500,0.012500,0.020729
31,20,10,0.006250,0.012500,0.018750
16,3,10,0.010937,0.010937,0.014063
19,16,10,0.007812,0.010937,0.016011
20,25,10,-0.004687,0.010937,0.017188
25,20,10,0.010937,0.010937,0.019826
27,26,10,0.001563,0.010937,0.017747
29,0,10,0.001563,0.010937,0.017747
30,17,10,0.010937,0.010937,0.019826
25,18,10,0.003125,0.009375,0.016829
26,10,10,0.009375,0.009375,0.014321
27,14,10,-0.003125,0.009375,0.016829
30,21,10,-0.003125,0.009375,0.021875
30,28,10,0.009375,0.009375,0.014321
31,16,10,0.009375,0.009375,0.014321
27,23,10,0.006250,0.006250,0.012500
30,10,10,0.006250,0.006250,0.012500
30,6,10,0.004687,0.004687,0.010005
